{"cameraMode":{"drawMode":0,"name":"Shaded","section":"Shading Mode"},"sceneLighting":false,"audioPlay":false,"sceneViewState":{"showFog":false,"showMaterialUpdate":false,"showSkybox":false,"showFlares":false,"showImageEffects":false,"showParticleSystems":false},"in2DMode":false,"pivot":{"x":0.23870491981506349,"y":1.0716238021850587,"z":1.1456055641174317},"rotation":{"x":0.3958892524242401,"y":-0.018177630379796029,"z":0.007817257195711136,"w":0.9181105494499207},"size":9.812577247619629,"orthographic":false}