{"cameraMode":{"drawMode":0,"name":"Shaded","section":"Shading Mode"},"sceneLighting":false,"audioPlay":false,"sceneViewState":{"showFog":false,"showMaterialUpdate":false,"showSkybox":false,"showFlares":false,"showImageEffects":false,"showParticleSystems":false},"in2DMode":false,"pivot":{"x":-0.009423762559890747,"y":1.0,"z":0.3500000238418579},"rotation":{"x":-0.4795103669166565,"y":0.007640615571290255,"z":-0.004154754802584648,"w":-0.8775089979171753},"size":7.981198787689209,"orthographic":false}