{"cameraMode":{"drawMode":0,"name":"Shaded","section":"Shading Mode"},"sceneLighting":true,"audioPlay":false,"sceneViewState":{"showFog":false,"showMaterialUpdate":false,"showSkybox":false,"showFlares":false,"showImageEffects":false,"showParticleSystems":false},"in2DMode":false,"pivot":{"x":0.2792191505432129,"y":0.2575741708278656,"z":-0.38571929931640627},"rotation":{"x":-0.05636356398463249,"y":-0.4262866675853729,"z":-0.02666410803794861,"w":0.9024718999862671},"size":0.7088723182678223,"orthographic":false}