{"cameraMode":{"drawMode":0,"name":"Shaded","section":"Shading Mode"},"sceneLighting":false,"audioPlay":false,"sceneViewState":{"showFog":false,"showMaterialUpdate":false,"showSkybox":false,"showFlares":false,"showImageEffects":false,"showParticleSystems":false},"in2DMode":false,"pivot":{"x":0.11396490037441254,"y":0.38416171073913576,"z":0.4118068218231201},"rotation":{"x":0.3958892524242401,"y":-0.018177630379796029,"z":0.007817257195711136,"w":0.9181105494499207},"size":4.500057220458984,"orthographic":false}