{"cameraMode":{"drawMode":0,"name":"Shaded","section":"Shading Mode"},"sceneLighting":false,"audioPlay":false,"sceneViewState":{"showFog":false,"showMaterialUpdate":false,"showSkybox":false,"showFlares":false,"showImageEffects":false,"showParticleSystems":false},"in2DMode":false,"pivot":{"x":0.40660491585731509,"y":0.7254858016967773,"z":0.7852809429168701},"rotation":{"x":0.3958892524242401,"y":-0.018177630379796029,"z":0.007817257195711136,"w":0.9181105494499207},"size":6.300058364868164,"orthographic":false}